,Train loss,Train accuracy,Val accuracy,Epochs,Learning rate,Weight decay rate,Batch size
0,0.006098784534778,0.9979370434697832,0.995788318803832,6,2e-05,0.1,16
1,0.006098784534778,0.9979370434697832,0.995788318803832,6,2e-05,0.01,16
0,0.007103072331665317,0.9973159844107238,0.99580215087804,5,2e-05,0.1,8
