,Train loss,Train accuracy,Val accuracy,Epochs,Batch size,Output dim
0,0.0099721746519207,0.9964486360549928,0.989436149597168,10,8,32
1,0.0067349220626056,0.997778296470642,0.9905555844306946,10,8,64
2,0.0060002906247973,0.997788667678833,0.9908043146133424,9,8,128
3,0.0113587649539113,0.9959569573402404,0.9893863797187804,10,16,32
4,0.01600281894207,0.9941418766975404,0.9882587194442748,7,16,64
0,0.006272595841437578,0.997788667678833,0.9895273447036743,10,16,128
